Game,Console,Purchase Date
A Bug's Life,PS1,22/05/2017
Bishi Bashi Special,PS1,30/09/2018
Buzz Lightyear of Star Command,PS1,22/05/2017
Cho Aniki,PS1,30/09/2018
Colin McRae Rally,PS1,26/12/2010
Crash Bandicoot (1996),PS1,14/01/2011
Crash Bandicoot 2 (1997),PS1,05/02/2011
Crash Bandicoot 3 (1998),PS1,09/02/2011
Crash Bash,PS1,26/12/2010
Crash Team Racing (1999),PS1,09/02/2011
Destruction Derby,PS1,06/10/2017
Driver,PS1,02/08/2015
Fear Effect,PS1,14/04/2021
Fear Effect 2: Retro Helix,PS1,14/04/2021
Final Fantasy IX,PS1,18/02/2017
Final Fantasy V,PS1,18/02/2017
Final Fantasy VI,PS1,18/02/2017
Final Fantasy VII (1997),PS1,25/10/2013
Final Fantasy VIII,PS1,18/02/2017
Gex,PS1,02/10/2015
Gex 3D: Enter the Gecko,PS1,02/10/2015
Gex: Deep Cover Gecko,PS1,02/10/2015
Hercules,PS1,12/10/2016
Hogs of War,PS1,26/12/2010
Jumping Flash,PS1,30/09/2018
Klonoa: Door to Phantomile,PS1,02/10/2015
Kula World,PS1,08/09/2011
Medievil (1998),PS1,04/10/2013
Metal Gear Solid,PS1,18/12/2012
Monsters Inc Scare Island,PS1,22/05/2017
Motor Toon Grand Prix 2,PS1,06/10/2017
Oddworld: Abe's Exoddus (1998),PS1,02/06/2011
Oddworld: Abe's Oddysee (1997),PS1,26/12/2010
PONG,PS1,21/10/2013
Rally Cross,PS1,06/10/2017
Rayman,PS1,04/05/2014
Rayman 2,PS1,04/05/2014
Resident Evil: Director's Cut (1997),PS1,22/10/2016
Resident Evil 2 (1998),PS1,20/05/2017
Resident Evil 3: Nemesis (1999),PS1,22/10/2016
Sheep Dog n Wolf,PS1,26/12/2010
Silent Hill,PS1,18/03/2017
Spyro the Dragon (1998),PS1,14/02/2014
Spyro 2: Gateway to Glimmer (1999),PS1,14/02/2014
Spyro 3: Year of the Dragon (2000),PS1,14/02/2014
Suikoden,PS1,14/04/2021
Suikoden II,PS1,14/04/2021
Syphon Filter,PS1,06/10/2017
Tekken,PS1,19/12/2012
Tekken 2,PS1,18/12/2012
Theme Hospital,PS1,02/06/2011
Tomb Raider (1996),PS1,12/03/2017
Tomb Raider II,PS1,12/03/2017
Tomb Raider III,PS1,12/03/2017
Tomb Raider: Chronicles,PS1,12/03/2017
Tomb Raider: The Last Revelation,PS1,12/03/2017
Tomba!,PS1,21/10/2013
Tomba 2!: The Evil Swine Return,PS1,30/09/2018
Toy Story 2,PS1,10/10/2016
Toy Story Racer,PS1,22/05/2017
Twisted Metal (1995),PS1,06/10/2017
UmJammer Lammy,PS1,06/10/2017
Vib-Ribbon,PS1,06/10/2017
Wipeout (1995),PS1,06/10/2017
WWF! Smackdown 2: Know Your Role,PS1,26/12/2010
Deus Ex,PlayStation 2,14/04/2021,297
Sonic Heroes,PlayStation 2,,"44,597"
Stuntman: Ignition,PlayStation 2,14/04/2021,482
The Sims,PlayStation 2,,"44,597"
The Sims 2,PlayStation 2,,"44,597"
Alice: Madness Returns,PlayStation 3,10/02/2021,360
Angry Birds Trilogy,PlayStation 3,26/12/2014,"2,598"
Army of Two,PlayStation 3,17/09/2020,506
Bang Bang Racing,PlayStation 3,30/03/2021,312
Battlefield 3,PlayStation 3,,"44,597"
Bayonetta,PlayStation 3,17/09/2020,506
Beat Hazard Ultra,PlayStation 3,05/02/2012,"3,653"
Bentley's Hackpack,PlayStation 3,30/03/2021,312
Beyond Good and Evil HD,PlayStation 3,10/02/2021,360
Blur,PlayStation 3,11/10/2020,482
Brink,PlayStation 3,11/10/2020,482
Buzz! Quiz World,PlayStation 3,11/10/2020,482
Call of Duty: Modern Warfare 2,PlayStation 3,17/09/2020,506
Crazy Machines Elements,PlayStation 3,20/11/2011,"3,730"
Daytona USA,PlayStation 3,10/02/2021,360
Dead Rising 2,PlayStation 3,17/09/2020,506
Dead Space,PlayStation 3,17/09/2020,506
Deus Ex: Human Revolution,PlayStation 3,17/09/2020,506
Dishonored,PlayStation 3,17/09/2020,506
DJ Hero,PlayStation 3,11/10/2020,482
DJ Hero 2,PlayStation 3,11/10/2020,482
Duke Nukem Forever,PlayStation 3,17/09/2020,506
Earthworm Jim HD,PlayStation 3,26/12/2010,"4,059"
F.E.A.R,PlayStation 3,17/09/2020,506
F1 Race Stars,PlayStation 3,10/04/2013,"3,223"
Family Guy: Back to the Multiverse,PlayStation 3,17/09/2020,506
Far Cry 2,PlayStation 3,17/09/2020,506
Far Cry Classic,PlayStation 3,06/04/2021,305
Fat Princess,PlayStation 3,10/05/2013,"3,193"
FIFA Street,PlayStation 3,11/10/2020,482
Fight Night Champion,PlayStation 3,08/07/2011,"3,865"
Final Exam,PlayStation 3,06/04/2021,305
Final Fantasy XIII,PlayStation 3,02/06/2013,"3,170"
Girl Fight,PlayStation 3,13/04/2021,298
God of War,PlayStation 3,06/10/2017,"1,583"
God of War II,PlayStation 3,06/10/2017,"1,583"
Gran Turismo 5,PlayStation 3,25/12/2010,"4,060"
Grand Theft Auto IV: The Complete Collection,PlayStation 3,13/06/2010,"4,255"
Hitman: Absolution,PlayStation 3,11/10/2020,482
ICO Classics HD,PlayStation 3,,"44,597"
inFamous,PlayStation 3,12/06/2011,"3,891"
inFamous 2,PlayStation 3,09/04/2013,"3,224"
inFamous: Festival of Blood,PlayStation 3,26/12/2014,"2,598"
Jet Car Stunts,PlayStation 3,14/07/2018,"1,302"
Joe Danger 2: The Movie,PlayStation 3,09/04/2013,"3,224"
Kane and Lynch 2: Dog Days,PlayStation 3,17/09/2020,506
Kane and Lynch: Dead Men,PlayStation 3,17/09/2020,506
Killer is Dead,PlayStation 3,05/06/2015,"2,437"
Killzone,PlayStation 3,06/04/2021,305
LA Noire,PlayStation 3,12/10/2013,"3,038"
Lemmings,PlayStation 3,30/09/2018,"1,224"
LittleBigPlanet,PlayStation 3,31/12/2009,"4,419"
LittleBigPlanet 2,PlayStation 3,18/12/2011,"3,702"
LittleBigPlanet Karting,PlayStation 3,03/07/2013,"3,139"
Lollipop Chainsaw,PlayStation 3,20/12/2013,"2,969"
Lone Survivor: The Director's Cut,PlayStation 3,30/09/2018,"1,224"
Mafia II,PlayStation 3,09/08/2013,"3,102"
Malicious,PlayStation 3,,"44,597"
Mass Effect 3,PlayStation 3,10/04/2013,"3,223"
Mensa Academy,PlayStation 3,,"44,597"
Metal Gear Solid 2: Sons of Liberty,PlayStation 3,12/09/2015,"2,338"
Metal Gear Solid 3: Snake Eater,PlayStation 3,12/09/2015,"2,338"
Metal Gear Solid 4: Guns of the Patriots,PlayStation 3,30/03/2021,312
Metal Gear Solid: Peace Walker,PlayStation 3,06/04/2021,305
Modnation Racers,PlayStation 3,06/06/2010,"4,262"
Mortal Kombat,PlayStation 3,25/04/2013,"3,208"
Mortal Kombat Arcade Kollection,PlayStation 3,,"44,597"
Motorstorm Apocalypse,PlayStation 3,28/04/2013,"3,205"
Motorstorm RC,PlayStation 3,06/10/2017,"1,583"
Motorstorm: Pacific Rift,PlayStation 3,04/05/2010,"4,295"
Naughty Bear,PlayStation 3,11/10/2020,482
Need for Speed: Most Wanted,PlayStation 3,07/08/2013,"3,104"
Need for Speed: Shift,PlayStation 3,23/11/2009,"4,457"
Need for Speed: The Run,PlayStation 3,08/12/2011,"3,712"
Oddworld: Munch's Oddysee,PlayStation 3,31/01/2013,"3,292"
Oddworld: Stranger's Wrath,PlayStation 3,21/01/2012,"3,668"
PAYDAY: The Heist,PlayStation 3,06/07/2013,"3,136"
Playstation All Stars Battle Royale,PlayStation 3,25/07/2013,"3,117"
PlayStation Move Heroes,PlayStation 3,17/09/2020,506
Prince of Persia: The Sands of Time,PlayStation 3,30/03/2021,312
Prince of Persia: The Two Thrones,PlayStation 3,30/03/2021,312
Prince of Persia: Warrior Within,PlayStation 3,30/03/2021,312
Pro Evolution Soccer 2010,PlayStation 3,14/01/2010,"4,405"
Quantum Conundrum,PlayStation 3,,"44,597"
Ratchet & Clank,PlayStation 3,06/12/2014,"2,618"
Ratchet & Clank 2,PlayStation 3,06/12/2014,"2,618"
Ratchet & Clank 3,PlayStation 3,06/12/2014,"2,618"
Ratchet & Clank: A Crack in Time,PlayStation 3,09/06/2010,"4,259"
Ratchet & Clank: Nexus,PlayStation 3,10/02/2021,360
Ratchet & Clank: QForce,PlayStation 3,15/01/2018,"1,482"
Ratchet & Clank: Quest for Booty,PlayStation 3,17/09/2020,506
Ratchet & Clank: Tools of Destruction,PlayStation 3,17/09/2020,506
Ratchet: Gladiator,PlayStation 3,07/01/2015,"2,586"
Rayman 3 HD,PlayStation 3,10/02/2021,360
Rayman Origins,PlayStation 3,22/10/2015,"2,298"
Red Dead Redemption,PlayStation 3,17/09/2020,506
Resistance,PlayStation 3,17/09/2020,506
Saints Row 2,PlayStation 3,14/02/2023,14
Sam and Max Season 3 The Devils Playhouse TTG,PlayStation 3,28/09/2022,28
Shadow of the Colossus Classics HD,PlayStation 3,,"44,597"
Silent Hill HD Collection,PlayStation 3,11/10/2020,482
Siren Blood Curse,PlayStation 3,30/03/2021,312
Skate 2,PlayStation 3,09/06/2010,"4,259"
Sly 2: Band of Thieves,PlayStation 3,26/11/2016,"1,897"
Sly 3: Honour Among Thieves,PlayStation 3,26/11/2016,"1,897"
Sly Cooper and the Thievius Raccoonus,PlayStation 3,26/11/2016,"1,897"
Sonic CD,PlayStation 3,13/04/2021,298
Sonic Generations,PlayStation 3,30/03/2021,312
Spec Ops: The Line,PlayStation 3,,"44,597"
Streets of Rage 2,PlayStation 3,25/06/2011,"3,878"
Super Rub 'a' Dub,PlayStation 3,13/04/2021,298
Superfrog HD,PlayStation 3,11/10/2013,"3,039"
Syndicate,PlayStation 3,23/02/2014,"2,904"
Tales of Grace f,PlayStation 3,17/01/2015,"2,576"
Tales of Xillia,PlayStation 3,17/01/2015,"2,576"
Tekken 5: Dark Resurrection,PlayStation 3,,"44,597"
Tekken Revolution,PlayStation 3,05/08/2013,"3,106"
The Amazing Spider-Man,PlayStation 3,11/10/2020,482
The Baconing,PlayStation 3,06/04/2021,305
The Cave,PlayStation 3,,"44,597"
The Cube,PlayStation 3,13/04/2021,298
The Darkness,PlayStation 3,17/09/2020,506
The Darkness 2,PlayStation 3,17/09/2020,506
The House of the Dead: Overkill,PlayStation 3,11/10/2020,482
The Secret of Monkey Island: Special Edition,PlayStation 3,10/02/2021,360
The Simpsons Arcade Game,PlayStation 3,29/11/2013,"2,990"
The Simpsons Game,PlayStation 3,11/10/2020,482
The Sims 3,PlayStation 3,07/11/2010,"4,108"
The Sims 3: Pets,PlayStation 3,07/11/2010,"4,108"
Tiger Woods PGA Tour 11,PlayStation 3,15/08/2010,"4,192"
ToeJam and Earl,PlayStation 3,10/02/2021,360
ToeJam and Earl: Panic on Funkotron,PlayStation 3,10/02/2021,360
Tokyo Jungle,PlayStation 3,21/11/2013,"2,998"
Tony Hawk's Pro Skater HD,PlayStation 3,24/02/2014,"2,903"
Twisted Metal,PlayStation 3,11/10/2020,482
UFC 2009 Undisputed,PlayStation 3,11/10/2020,482
Velocity Ultra,PlayStation 3,08/08/2015,"2,373"
When Vikings Attack,PlayStation 3,,"44,597"
XCOM Enemy Unknown,PlayStation 3,24/06/2013,"3,148"
Yakuza: Dead Souls,PlayStation 3,14/02/2023,14
Zombie Tycoon II: Brainhov's Revenge,PlayStation 3,02/09/2018,"1,252"
[Prototype],PlayStation 4,22/08/2017,"1,628"
[Prototype 2],PlayStation 4,22/08/2017,"1,628"
101 Ways To Die,PlayStation 4,16/07/2017,"1,665"
60 Seconds! Reatomized,PlayStation 4,20/12/2022,50
A Boy And His Blob,PlayStation 4,03/08/2017,"1,647"
Absolute Drift: Zen Edition,PlayStation 4,31/01/2017,"1,831"
Abzû,PlayStation 4,24/08/2021,165
Active Soccer 2 DX,PlayStation 4,31/01/2017,"1,831"
Amnesia: Collection,PlayStation 4,04/11/2020,458
Amplitude,PlayStation 4,19/01/2017,"1,843"
Another World,PlayStation 4,19/09/2019,870
Ape Escape 2,PlayStation 4,15/01/2018,"1,482"
ARK: Survival Evolved,PlayStation 4,01/03/2022,128
Armello,PlayStation 4,04/08/2017,"1,646"
Armikrog,PlayStation 4,15/12/2020,417
Art Of Balance,PlayStation 4,07/08/2017,"1,643"
Assault Android Cactus,PlayStation 4,17/06/2018,"1,329"
Aven Colony,PlayStation 4,13/03/2020,694
Back To The Future TTG,PlayStation 4,01/06/2017,"1,710"
Badland,PlayStation 4,23/02/2019,"1,078"
Batman Season 1 TTG,PlayStation 4,26/11/2016,"1,897"
Batman Season 2 TTG,PlayStation 4,17/11/2018,"1,176"
Batman: Arkham Asylum,PlayStation 4,01/04/2020,675
Batman: Arkham City,PlayStation 4,01/04/2020,675
Batman: Arkham Knight,PlayStation 4,01/04/2020,675
Battlefield 1,PlayStation 4,18/05/2021,263
Bear With Me,PlayStation 4,06/02/2020,730
Beat Cop,PlayStation 4,23/08/2021,166
Beyond Eyes,PlayStation 4,23/07/2017,"1,658"
Beyond Two Souls,PlayStation 4,04/08/2021,185
BioShock 1 & 2: The Collection,PlayStation 4,22/08/2017,"1,628"
BioShock Infinite: The Collection,PlayStation 4,22/08/2017,"1,628"
Blacksad: Under the Skin,PlayStation 4,27/05/2022,166
Blood Bowl 2,PlayStation 4,25/12/2019,773
Bloodborne,PlayStation 4,07/06/2019,974
BloodRayne 2: ReVamped,PlayStation 5,20/03/2022,"1,524"
BloodRayne: ReVamped,PlayStation 5,20/03/2022,"1,524"
Borderlands: Game of the Year Edition,PlayStation 4,03/04/2019,"1,039"
Borderlands: The Handsome Collection,PlayStation 4,22/08/2017,"1,628"
Bridge Constructor,PlayStation 4,24/03/2019,"1,049"
Broforce,PlayStation 4,15/01/2017,"1,847"
Broken Age,PlayStation 4,03/08/2017,"1,647"
Brothers: A Tale of Two Sons,PlayStation 4,28/04/2021,283
Bully,PlayStation 4,03/08/2017,"1,647"
Burnout Paradise: Remastered,PlayStation 4,06/05/2019,"1,006"
Call of Duty: Black Ops III,PlayStation 4,29/01/2022,7
Captain Tsubasa: Rise of New Champions,PlayStation 4,09/12/2021,58
Castle Crashers: Remastered,PlayStation 4,,"44,597"
Castlevania Requiem: Symphony of the Night and Rondo of Blood,PlayStation 4,02/10/2015,"2,318"
Catherine: Full Body,PlayStation 4,09/09/2019,880
Cel Damage HD,PlayStation 4,20/05/2017,"1,722"
Celeste,PlayStation 4,23/08/2018,"1,262"
Child Of Light,PlayStation 4,22/09/2016,"1,962"
Chime Sharp,PlayStation 4,23/07/2017,"1,658"
Cities: Skylines,PlayStation 4,22/08/2019,898
Claire,PlayStation 4,07/04/2017,"1,765"
ClusterTruck,PlayStation 4,24/08/2020,530
Color Slayer,PlayStation 4,22/03/2020,685
Concrete Genie,PlayStation 4,13/03/2020,694
Cosmophony,PlayStation 4,03/08/2017,"1,647"
CounterSpy,PlayStation 4,09/07/2017,"1,672"
Crash Bandicoot: N Sane Trilogy,PlayStation 4,29/06/2017,"1,682"
Crash Team Racing: Nitro Fueled,PlayStation 4,21/06/2019,960
Croixleur Sigma,PlayStation 4,30/11/2017,"1,528"
Curse of the Dead Gods,PlayStation 4,03/05/2022,166
Danger Zone,PlayStation 4,23/02/2019,"1,078"
Dangerous Driving,PlayStation 4,23/08/2021,166
Dangerous Golf,PlayStation 4,23/02/2019,"1,078"
Dark Chronicle,PlayStation 4,07/10/2016,"1,947"
Dark Cloud,PlayStation 4,06/09/2016,"1,978"
Dark Souls II: Scholar of the First Sin,PlayStation 4,17/10/2019,842
Dark Souls III,PlayStation 4,17/06/2019,964
Dark Souls Remastered,PlayStation 4,25/12/2019,773
Day Of The Tentacle Remastered,PlayStation 4,17/03/2017,"1,786"
Days Gone,PlayStation 4,18/05/2021,263
Dead End Job,PlayStation 4,23/08/2021,166
Dead Island: Retro Revenge,PlayStation 4,15/01/2017,"1,847"
Dead or Alive 5: Last Round,PlayStation 4,04/05/2017,"1,738"
Dead Rising,PlayStation 4,17/03/2020,690
Deadpool,PlayStation 4,31/01/2017,"1,831"
Death Squared,PlayStation 4,10/12/2017,"1,518"
DEEEER Simulator: Your Average Everyday Deer Game,PlayStation 4,03/03/2022,128
Destroy All Humans!,PlayStation 4,07/04/2017,"1,765"
Destroy All Humans! 2,PlayStation 4,07/04/2017,"1,765"
Destroy All Humans! Remake,PlayStation 4,28/08/2020,526
Detroit: Become Human,PlayStation 4,18/05/2021,263
Devil May Cry 4,PlayStation 4,08/08/2019,912
Devil May Cry 5,PlayStation 4,08/08/2019,912
Devil May Cry Trilogy HD Collection,PlayStation 4,08/08/2019,912
Dex,PlayStation 4,19/04/2017,"1,753"
Disney Classic Games: Aladdin & The Lion King,PlayStation 4,25/12/2019,773
Doki-Doki Universe,PlayStation 4,09/07/2017,"1,672"
Donut County,PlayStation 4,26/01/2020,741
Doom (1993),PlayStation 4,27/05/2022,166
Doom 64,PlayStation 4,27/05/2022,166
Doom II,PlayStation 4,27/05/2022,166
Downwell,PlayStation 4,31/01/2017,"1,831"
DreamBall,PlayStation 4,25/12/2019,773
Dreams,PlayStation 4,,"44,597"
Duke Nukem 3D,PlayStation 4,25/12/2015,"2,234"
Empire of Sin: Deluxe Edition,PlayStation 4,10/02/2023,1
Enter The Gungeon,PlayStation 4,19/01/2017,"1,843"
Entwined,PlayStation 4,09/07/2017,"1,672"
Escape Plan,PlayStation 4,,"44,597"
Everybody's Golf,PlayStation 4,24/01/2018,"1,473"
Exit the Gungeon,PlayStation 4,18/08/2021,171
Fahrenheit,PlayStation 4,27/05/2022,166
Fallout 4,PlayStation 4,22/07/2019,929
Far Cry 3,PlayStation 4,23/02/2019,"1,078"
Far Cry 4,PlayStation 4,23/02/2019,"1,078"
Far Cry 5,PlayStation 4,29/09/2018,"1,225"
Far Cry: New Dawn,PlayStation 4,24/03/2019,"1,049"
Far Cry: Primal,PlayStation 4,23/02/2019,"1,078"
Fat Princess Adventures,PlayStation 4,07/10/2016,"1,947"
Fez,PlayStation 4,23/07/2017,"1,658"
FIFA 18,PlayStation 4,29/09/2017,"1,590"
FIFA 19,PlayStation 4,26/11/2018,"1,167"
FIFA 20,PlayStation 4,01/04/2020,675
Final Fantasy X/X-2 HD Remaster,PlayStation 4,,"44,597"
Final Fantasy XV: Royal Edition,PlayStation 4,18/05/2021,263
Five Dates,PlayStation 4,20/03/2022,"1,524"
Flashback,PlayStation 4,27/05/2022,166
Flockers,PlayStation 4,17/03/2017,"1,786"
flOw,PlayStation 4,09/07/2017,"1,672"
Flower,PlayStation 4,09/07/2017,"1,672"
forma.8,PlayStation 4,21/04/2020,655
Formula Retro Racing,PlayStation 4,27/05/2022,166
Futuridium,PlayStation 4,16/04/2020,660
Game Of Thrones TTG,PlayStation 4,09/04/2017,"1,763"
Geometry Wars 3: Dimensions Evolved,PlayStation 4,01/06/2017,"1,710"
Ghost Blade HD,PlayStation 4,04/08/2017,"1,646"
Ghost of Tsushima,PlayStation 4,22/11/2020,440
Ghostbusters,PlayStation 4,24/06/2018,"1,322"
Goat Simulator,PlayStation 4,07/10/2016,"1,947"
God of War,PlayStation 4,18/05/2021,263
God of War III Remastered,PlayStation 4,,"44,597"
Good Dog Bad Dog,PlayStation 4,28/12/2022,50
Granblue Fantasy: Versus,PlayStation 4,07/09/2022,21
Grand Ages: Medieval,PlayStation 4,01/04/2020,675
Grand Theft Auto III,PlayStation 4,06/09/2016,"1,978"
Grand Theft Auto: San Andreas,PlayStation 4,06/09/2016,"1,978"
Grand Theft Auto: Vice City,PlayStation 4,06/09/2016,"1,978"
Grim Fandango Remastered,PlayStation 4,12/02/2017,"1,819"
Harvest Moon: A Wonderful Life,PlayStation 4,24/06/2018,"1,322"
Hatoful Boyfriend,PlayStation 4,20/05/2017,"1,722"
Heart&Slash,PlayStation 4,09/07/2017,"1,672"
Heavy Rain,PlayStation 4,11/10/2020,482
Helldivers,PlayStation 4,08/10/2017,"1,581"
Hitman 2,PlayStation 4,22/09/2021,136
Hohokum,PlayStation 4,09/07/2017,"1,672"
Hollow Knight: Voidheart Edition,PlayStation 4,03/11/2020,459
Home,PlayStation 4,23/10/2016,"1,931"
HoPiKo,PlayStation 4,04/05/2017,"1,738"
Horizon Zero Dawn,PlayStation 4,07/06/2019,974
Hotline Miami,PlayStation 4,18/08/2015,"2,363"
Hotline Miami 2: Wrong Number,PlayStation 4,15/01/2017,"1,847"
Hue,PlayStation 4,17/03/2017,"1,786"
I am Bread,PlayStation 4,20/03/2022,"1,524"
inFamous First Light,PlayStation 4,26/11/2016,"1,897"
inFamous Second Son,PlayStation 4,26/11/2016,"1,897"
Injustice: Gods Among Us,PlayStation 4,01/10/2020,492
Injustice 2,PlayStation 4,05/10/2022,21
Jak 3,PlayStation 4,27/11/2012,"3,357"
Jak and Daxter: The Precursor Legacy,PlayStation 4,27/11/2012,"3,357"
Jak II,PlayStation 4,27/11/2012,"3,357"
Jak X,PlayStation 4,09/12/2017,"1,519"
Jazzpunk: Director's Cut,PlayStation 4,04/08/2017,"1,646"
Jetpack Joyride,PlayStation 4,31/01/2017,"1,831"
Journey,PlayStation 4,,"44,597"
Just Die Already,PlayStation 4,27/04/2022,166
Kandagawa Jet Girls,PlayStation 4,03/03/2022,128
Katamari Damacy: Reroll,PlayStation 4,30/09/2018,"1,224"
Keep Talking and Nobody Explodes,PlayStation 4,03/03/2022,128
Kingdom Hearts HD 1.5 & 2.5 Remix,PlayStation 4,17/11/2019,811
Kingdom Hearts HD 2.8 Final Chapter Prologue,PlayStation 4,17/11/2019,811
Kingdom Hearts III,PlayStation 4,17/11/2019,811
Kingdoms of Amalur: Re-Reckoning,PlayStation 4,02/11/2021,95
Knack,PlayStation 4,20/01/2022,"1,332"
Knack 2,PlayStation 4,20/01/2022,"1,332"
LA Cops,PlayStation 4,17/03/2017,"1,786"
LEGO City Undercover,PlayStation 4,23/02/2019,"1,078"
LEGO DC Super-Villains,PlayStation 4,09/12/2021,58
LEGO Harry Potter Collection,PlayStation 4,07/04/2017,"1,765"
LEGO Marvel Super-Heroes,PlayStation 4,07/01/2021,394
Leisure Suit Larry: Wet Dreams Don't Dry,PlayStation 4,20/03/2022,"1,524"
Leisure Suit Larry: Wet Dreams Dry Twice,PlayStation 4,20/03/2022,"1,524"
Lichtspeer,PlayStation 4,03/08/2017,"1,647"
Life Is Strange,PlayStation 4,26/11/2016,"1,897"
Little Nightmares,PlayStation 4,03/08/2022,1
LittleBigPlanet 3,PlayStation 4,,"44,597"
LocoRoco,PlayStation 4,29/07/2017,"1,652"
Lovers In A Dangerous Spacetime,PlayStation 4,20/05/2017,"1,722"
LUMO,PlayStation 4,19/01/2017,"1,843"
Mafia III,PlayStation 4,16/04/2020,660
Mafia: Definitive Edition,PlayStation 4,11/12/2020,421
Manhunt,PlayStation 4,03/08/2017,"1,647"
Manual Samuel,PlayStation 4,04/08/2017,"1,646"
Marvel's Guardians Of The Galaxy TTG,PlayStation 4,22/08/2017,"1,628"
Marvel's Spider-Man,PlayStation 4,07/09/2018,"1,247"
Mass Effect: Legendary Edition,PlayStation 4,21/11/2021,76
Max Payne,PlayStation 4,03/08/2017,"1,647"
MediEvil,PlayStation 4,25/10/2019,834
Mega Man Legacy Collection,PlayStation 4,06/09/2016,"1,978"
Mega Man Legacy Collection 2,PlayStation 4,22/12/2017,"1,506"
Mega Man X Legacy Collection,PlayStation 4,22/07/2019,929
Mega Man X Legacy Collection 2,PlayStation 4,22/07/2019,929
Metal Gear Solid V: The Phantom Pain,PlayStation 4,25/12/2020,407
Metro Redux,PlayStation 4,23/08/2021,166
Micro Machines World Series,PlayStation 4,22/06/2017,"1,689"
Minutes,PlayStation 4,07/04/2017,"1,765"
Monopoly Family Fun Pack,PlayStation 4,22/09/2016,"1,962"
Monster Hunter World,PlayStation 4,18/05/2021,263
Mortal Kombat X,PlayStation 4,18/05/2021,263
Mortal Shell,PlayStation 4,09/12/2021,58
Mother Russia Bleeds,PlayStation 4,04/08/2017,"1,646"
Need for Speed Heat,PlayStation 4,07/09/2022,21
Neon Chrome,PlayStation 4,17/03/2017,"1,786"
Neon Drive,PlayStation 4,27/05/2022,166
Night Book,PlayStation 4,20/03/2022,"1,524"
Ninja Senki DX,PlayStation 4,07/04/2017,"1,765"
Nitroplus Blasterz: Heroines Infinite Duel,PlayStation 4,19/01/2017,"1,843"
Octodad: Dadliest Catch,PlayStation 4,06/09/2015,"2,344"
Oddworld: New 'n' Tasty,PlayStation 4,29/04/2015,"2,474"
Okami HD,PlayStation 4,24/06/2018,"1,322"
OlliOlli 2,PlayStation 4,25/02/2017,"1,806"
OlliOlli: Epic Combo Edition,PlayStation 4,25/02/2017,"1,806"
One Piece Unlimited World Red,PlayStation 4,31/12/2017,"1,497"
Onee Chanbara Origin,PlayStation 4,28/12/2022,50
Outbreak: Epidemic,PlayStation 4,19/05/2021,262
Outlast,PlayStation 4,28/08/2020,526
Oxenfree,PlayStation 4,07/08/2017,"1,643"
Pac-Man 256,PlayStation 4,07/10/2016,"1,947"
PaRappa The Rapper 2,PlayStation 4,06/09/2016,"1,978"
PaRappa The Rapper Remastered,PlayStation 4,11/07/2017,"1,670"
Party Hard,PlayStation 4,04/08/2017,"1,646"
Party Hard 2,PlayStation 4,08/02/2023,2
Persona 5,PlayStation 4,22/12/2017,"1,506"
Persona 5 Strikers,PlayStation 4,04/01/2022,32
PGA Tour 2K21,PlayStation 4,05/10/2021,123
Pic-A-Pix Color,PlayStation 4,10/11/2018,"1,183"
PixelJunk Shooter Ultimate,PlayStation 4,17/03/2017,"1,786"
Plants vs Zombies: Battle for Neighborville,PlayStation 4,13/05/2020,633
Please Don't Touch Anything,PlayStation 4,23/08/2021,166
Poltergeist: A Pixelated Horror,PlayStation 4,01/06/2017,"1,710"
Polybius,PlayStation 4,24/02/2018,"1,442"
PONG Quest,PlayStation 4,17/02/2022,128
Postal Redux,PlayStation 4,27/05/2022,166
Psychonauts,PlayStation 4,10/09/2016,"1,974"
Psychonauts 2,PlayStation 4,21/11/2021,76
Pumped BMX+,PlayStation 4,23/07/2017,"1,658"
Putty Squad,PlayStation 4,29/11/2018,"1,164"
Quake,PlayStation 4,27/05/2022,166
Quest Of Dungeons,PlayStation 4,04/05/2017,"1,738"
Rally Copters,PlayStation 4,14/07/2018,"1,302"
Ratchet & Clank,PlayStation 4,22/12/2017,"1,506"
Rayman Legends,PlayStation 4,06/09/2015,"2,344"
Red Dead Redemption 2,PlayStation 4,11/10/2019,848
Red Dead Revolver,PlayStation 4,03/08/2017,"1,647"
Resident Evil,PlayStation 4,19/09/2019,870
Resident Evil 0,PlayStation 4,19/09/2019,870
Resident Evil 2,PlayStation 5,27/09/2022,28
Resident Evil 3,PlayStation 5,27/09/2022,28
Resident Evil 4,PlayStation 4,19/09/2019,870
Resident Evil 5,PlayStation 4,10/11/2021,87
Resident Evil 6,PlayStation 4,10/11/2021,87
Resident Evil 7,PlayStation 5,27/09/2022,28
Resident Evil Revelations,PlayStation 4,22/06/2019,959
Resident Evil Revelations 2,PlayStation 4,22/06/2019,959
Resident Evil: Re:Verse,PlayStation 4,20/10/2021,108
Resident Evil: Resistance,PlayStation 4,30/09/2021,128
RESOGUN,PlayStation 4,09/07/2017,"1,672"
Retro City Rampage DX,PlayStation 4,10/09/2016,"1,974"
Riptide GP: Renegade,PlayStation 4,04/08/2017,"1,646"
Rise Of The Tomb Raider,PlayStation 4,24/06/2018,"1,322"
Risk Of Rain,PlayStation 4,03/08/2017,"1,647"
Road Redemption,PlayStation 4,21/07/2021,199
Rock Boshers DX: Director's Cut,PlayStation 4,07/04/2017,"1,765"
Rocket League,PlayStation 4,19/01/2017,"1,843"
Rocketbirds 2: Evolution,PlayStation 4,06/09/2016,"1,978"
Rogue Legacy,PlayStation 4,15/01/2017,"1,847"
Rollercoaster Dreams,PlayStation 4,,"44,597"
Rustler,PlayStation 4,27/05/2022,166
Saban's Mighty Morphin Power Rangers: Mega Battle,PlayStation 4,23/02/2019,"1,078"
Saints Row IV: Gat out of Hell,PlayStation 4,17/09/2020,506
Saints Row IV: Re-Elected,PlayStation 4,17/09/2020,506
Sam and Max Season 1 Save The World TTG,PlayStation 4,02/10/2022,21
Sam and Max Season 2 Beyond Time and Space TTG,PlayStation 4,02/10/2022,21
Scott Pilgrim vs The World: The Game,PlayStation 4,23/08/2021,166
Scribblenauts Mega Pack,PlayStation 4,22/03/2020,685
Sekiro: Shadows Die Twice,PlayStation 4,25/12/2019,773
Shovel Knight: Pocket Dungeon,PlayStation 4,20/12/2022,50
Shovel Knight: Treasure Trove,PlayStation 4,29/08/2018,"1,256"
ShredIt,PlayStation 4,04/08/2017,"1,646"
Slain,PlayStation 4,01/06/2017,"1,710"
Slay the Spire,PlayStation 4,05/04/2022,"1,524"
Sleeping Dogs,PlayStation 4,06/07/2019,945
Slender: The Arrival,PlayStation 4,04/11/2020,458
Sniper Elite V2 Remastered,PlayStation 4,27/05/2022,166
Sonic Mania,PlayStation 4,14/08/2017,"1,636"
SoulCalibur VI,PlayStation 4,,"44,597"
Sound Shapes,PlayStation 4,09/07/2017,"1,672"
South Park: The Fractured But Whole,PlayStation 4,12/12/2017,"1,516"
South Park: The Stick of Truth,PlayStation 4,12/12/2017,"1,516"
Spelunky,PlayStation 4,25/12/2020,407
SpongeBob Squarepants: Battle for Bikini Bottom - Rehydrated,PlayStation 4,23/08/2021,166
Spy Chameleon,PlayStation 4,07/04/2017,"1,765"
Spyro Reignited Trilogy,PlayStation 4,13/11/2018,"1,180"
Star Wars Episode I: Racer,PlayStation 4,28/08/2020,526
Stardew Valley,PlayStation 4,03/08/2017,"1,647"
Stealth Inc 2: A Game Of Clones,PlayStation 4,17/03/2017,"1,786"
Stealth Inc: A Clone In The Dark,PlayStation 4,17/03/2017,"1,786"
SteamWorld Dig,PlayStation 4,15/01/2017,"1,847"
SteamWorld Dig 2,PlayStation 4,06/01/2022,30
SteamWorld Heist,PlayStation 4,19/01/2017,"1,843"
Stikbold! A Dodgeball Adventure,PlayStation 4,13/05/2020,633
Stranded Deep,PlayStation 4,19/05/2021,262
Street Fighter 30th Anniversary Collection,PlayStation 4,,"44,597"
Super Kickers League Ultimate,PlayStation 4,07/07/2021,213
Super Meat Boy!,PlayStation 4,25/02/2017,"1,806"
Super Monkey Ball: Banana Blitz HD,PlayStation 4,30/06/2021,220
Super Stardust Ultra,PlayStation 4,19/01/2017,"1,843"
Superbeat: Xonic EX,PlayStation 4,20/05/2017,"1,722"
Supermarket Shriek,PlayStation 4,23/08/2021,166
Surgeon Simulator,PlayStation 4,05/12/2019,793
Switch Galaxy Ultra,PlayStation 4,25/12/2015,"2,234"
Syrup and the Ultimate Sweet,PlayStation 4,04/03/2020,703
Table Top Racing: World Tour,PlayStation 4,11/10/2019,848
Tales From The Borderlands TTG,PlayStation 4,01/04/2015,"2,502"
Team Sonic Racing,PlayStation 4,01/03/2022,128
Tearaway Unfolded,PlayStation 4,07/08/2017,"1,643"
Tekken 7,PlayStation 4,06/11/2018,"1,187"
Tembo The Badass Elephant,PlayStation 4,17/03/2017,"1,786"
Tennis in the Face,PlayStation 4,07/04/2017,"1,765"
Tennis World Tour 2,PlayStation 4,03/08/2021,186
Terraria,PlayStation 4,22/11/2015,"2,267"
Tethered,PlayStation 4,,"44,597"
Tetris Ultimate,PlayStation 4,22/09/2016,"1,962"
That's You!,PlayStation 4,,"44,597"
The Binding of Isaac: Rebirth,PlayStation 4,25/12/2020,407
The Bug Butcher,PlayStation 4,04/05/2017,"1,738"
The Complex,PlayStation 4,20/03/2022,"1,524"
The Crew,PlayStation 4,25/02/2017,"1,806"
The Disney Afternoon Collection,PlayStation 4,07/01/2021,394
The Escapists,PlayStation 4,19/01/2017,"1,843"
The Evil Within,PlayStation 4,04/12/2017,"1,524"
The Flame in the Flood,PlayStation 4,13/05/2020,633
The Last Guardian,PlayStation 4,12/07/2021,208
The Last of Us Part II,PlayStation 4,09/09/2020,514
The Last Of Us Remastered,PlayStation 4,26/12/2017,"1,502"
The Last Of Us: Left Behind Remastered,PlayStation 4,11/09/2016,"1,973"
The Outer Worlds,PlayStation 4,03/02/2023,7
The Sims 4,PlayStation 4,08/12/2017,"1,520"
The Swapper,PlayStation 4,20/05/2017,"1,722"
The Unfinished Swan,PlayStation 4,09/07/2017,"1,672"
The Walking Dead Final Season TTG,PlayStation 4,25/12/2019,773
The Walking Dead Season 1 TTG,PlayStation 4,25/12/2015,"2,234"
The Walking Dead Season 2 TTG,PlayStation 4,21/10/2016,"1,933"
The Walking Dead Season 3 TTG,PlayStation 4,04/10/2018,"1,220"
The Warriors,PlayStation 4,03/08/2017,"1,647"
The Witness,PlayStation 4,04/08/2017,"1,646"
The Wolf Among Us TTG,PlayStation 4,16/03/2017,"1,787"
Think of the Children,PlayStation 4,23/08/2021,166
This Is The Police,PlayStation 4,24/06/2018,"1,322"
Thomas Was Alone,PlayStation 4,03/04/2017,"1,769"
Tiny Tina's Assault on Dragon Keep: A Wonderlands One-Shot Adventure,PlayStation 4,01/02/2022,4
Titan Attacks!,PlayStation 4,17/03/2017,"1,786"
ToeJam & Earl: Back In The Groove,PlayStation 4,01/03/2019,"1,072"
Touhou Double Focus,PlayStation 4,22/07/2019,929
Trials Fusion: The Awesome MAX Edition,PlayStation 4,22/03/2020,685
Tribes of Midgard,PlayStation 4,03/05/2022,166
Tricky Towers,PlayStation 4,19/01/2017,"1,843"
Trine 2: Complete Story,PlayStation 4,04/08/2017,"1,646"
Trine 3: The Artifacts Of Power,PlayStation 4,04/08/2017,"1,646"
Trine Enchanted Edition,PlayStation 4,04/08/2017,"1,646"
Tropico 5,PlayStation 4,22/08/2017,"1,628"
Trover Saves The Universe,PlayStation 4,07/09/2021,151
Twisted Metal: Black,PlayStation 4,,"44,597"
Two Point Hospital,PlayStation 4,24/06/2020,591
Typoman,PlayStation 4,04/05/2017,"1,738"
UFC 4,PlayStation 4,01/02/2022,4
Ultratron,PlayStation 4,17/03/2017,"1,786"
Unbox: Newbie's Adventure,PlayStation 4,27/05/2022,166
Uncanny Valley,PlayStation 4,23/08/2021,166
Uncharted 2: Among Thieves,PlayStation 4,03/08/2017,"1,647"
Uncharted 3: Drake's Deception,PlayStation 4,03/08/2017,"1,647"
Uncharted 4: A Thief's End,PlayStation 4,22/12/2017,"1,506"
Uncharted: Drake's Fortune,PlayStation 4,03/08/2017,"1,647"
Uncharted: The Lost Legacy,PlayStation 4,04/10/2018,"1,220"
Undertale,PlayStation 4,22/12/2017,"1,506"
UNO,PlayStation 4,09/12/2021,58
Unravel,PlayStation 4,19/01/2017,"1,843"
Until Dawn,PlayStation 4,04/10/2018,"1,220"
Untitled Goose Game,PlayStation 4,17/12/2019,781
Velocity 2X,PlayStation 4,18/11/2015,"2,271"
Viking Squad,PlayStation 4,,"44,597"
Virtua Fighter 5: Ultimate Showdown,PlayStation 4,01/07/2021,219
Volume,PlayStation 4,03/08/2017,"1,647"
Watch_Dogs,PlayStation 4,06/02/2020,730
Watch_Dogs 2,PlayStation 4,22/07/2019,929
while true: learn( ),PlayStation 4,23/08/2021,166
Wipeout Omega Collection,PlayStation 4,29/12/2018,"1,134"
Worms Battlegrounds,PlayStation 4,22/08/2017,"1,628"
Worms WMD,PlayStation 4,22/08/2017,"1,628"
WRC 6,PlayStation 4,24/06/2018,"1,322"
WWE 2K Battlegrounds,PlayStation 4,06/07/2021,214
XCOM 2,PlayStation 4,20/08/2020,534
Xenoraid,PlayStation 4,03/08/2017,"1,647"
Yakuza 0,PlayStation 4,05/10/2021,123
Yakuza 3 Remastered,PlayStation 4,13/10/2021,115
Yakuza 4 Remastered,PlayStation 4,13/10/2021,115
Yakuza 5 Remastered,PlayStation 4,13/10/2021,115
Yakuza 6: The Song of Life,PlayStation 4,05/10/2021,123
Yakuza Kiwami,PlayStation 4,05/10/2021,123
Yakuza Kiwami 2,PlayStation 4,05/10/2021,123
Yomawari: Midnight Shadows,PlayStation 4,10/06/2020,605
Yooka-Laylee,PlayStation 4,23/02/2019,"1,078"
Yooka-Laylee and the Impossible Lair,PlayStation 4,25/12/2019,773
Yu-Gi-Oh! Legacy of the Duelist,PlayStation 4,10/09/2015,"2,340"
A Plague Tale: Innocence,PlayStation 5,17/01/2021,384
Apex Legends,PlayStation 5,19/12/2022,50
Art of Rally,PlayStation 5,03/03/2022,128
Assassin's Creed Valhalla: Ultimate Edition,PlayStation 5,21/11/2021,76
Astro's Playroom,PlayStation 5,16/05/2021,265
AWAY: The Survival Series,PlayStation 5,28/09/2021,130
Axiom Verge 2,PlayStation 5,03/01/2023,45
Biomutant,PlayStation 5,09/09/2022,14
Borderlands 3,PlayStation 5,13/09/2019,876
Bugsnax,PlayStation 5,27/05/2021,254
Can't Drive This,PlayStation 5,08/06/2022,166
Chicken Police: Paint It Red,PlayStation 5,15/04/2022,166
Chicory: A Colorful Tale,PlayStation 5,03/07/2022,166
Cloudpunk,PlayStation 5,23/08/2022,1
Concept Destruction,PlayStation 5,04/06/2021,246
Crash Bandicoot 4: It's About Time,PlayStation 5,01/10/2020,492
Cult of the Lamb,PlayStation 5,30/10/2022,6
Cyberpunk 2077,PlayStation 5,15/02/2022,128
Deep Rock Galactic,PlayStation 5,04/01/2022,32
Destiny 2,PlayStation 5,07/02/2023,3
Destroy All Humans 2: Reprobed,PlayStation 5,07/09/2022,21
DIRT 5,PlayStation 5,04/01/2022,32
Disney Dreamlight Valley,PlayStation 5,18/11/2022,100
Evil Inside,PlayStation 5,04/06/2021,246
F1 2021,PlayStation 5,07/09/2021,151
F1 Manager,PlayStation 5,27/12/2022,50
Fall Guys: Ultimate Knockout,PlayStation 5,19/12/2022,50
Far Cry 6: Gold Edition,PlayStation 5,02/02/2022,3
FIFA 21,PlayStation 5,18/05/2021,263
FIFA 22,PlayStation 5,03/05/2022,166
Final Fantasy VII Remake: Intergrade,PlayStation 5,03/08/2022,1
First Class Trouble,PlayStation 5,02/11/2021,95
Fortnite,PlayStation 5,13/01/2022,"1,332"
Genshin Impact,PlayStation 5,18/05/2021,263
Ghostrunner,PlayStation 5,01/03/2022,128
Ghostwire: Tokyo,PlayStation 5,27/05/2022,166
Godfall,PlayStation 5,09/12/2021,58
Grand Theft Auto V,PlayStation 5,20/03/2022,"1,524"
Heavenly Bodies,PlayStation 5,02/11/2022,3
Hell Let Loose,PlayStation 5,05/10/2021,123
Hogwarts Legacy,PlayStation 5,07/02/2023,3
Horizon Forbidden West,PlayStation 5,28/12/2022,50
Hot Wheels Unleashed,PlayStation 5,05/10/2022,21
Human Fall Flat,PlayStation 5,07/08/2017,"1,643"
In Rays of the Light,PlayStation 5,04/06/2021,246
Infliction: Extended Cut,PlayStation 5,04/06/2021,246
It Takes Two,PlayStation 5,06/01/2022,30
Judgment,PlayStation 5,26/02/2023,1
Kena: Bridge of Spirits,PlayStation 5,25/12/2021,42
Kerbal Space Program: Enhanced Edition,PlayStation 5,24/03/2019,"1,049"
Klonoa Phantasy Reverie Series,PlayStation 5,18/11/2022,100
Knockout City,PlayStation 5,02/11/2021,95
Maneater,PlayStation 5,27/05/2021,254
Maquette,PlayStation 5,04/06/2021,246
Marvel's Spider-Man: Miles Morales,PlayStation 5,18/11/2022,100
Metro Exodus,PlayStation 5,28/07/2021,192
Nickelodeon All Stars Brawl,PlayStation 5,08/06/2022,166
Nioh 2,PlayStation 5,02/11/2022,6
No Man's Sky,PlayStation 5,02/06/2021,248
Oddworld: Soulstorm,PlayStation 5,06/04/2021,305
OlliOlli World,PlayStation 5,28/12/2022,50
One Escape,PlayStation 5,19/05/2021,262
Overcooked: All You Can Eat Edition,PlayStation 5,04/05/2017,"1,738"
Ovivo,PlayStation 5,04/06/2021,246
Planet Coaster,PlayStation 5,01/02/2022,4
Potion Permit,PlayStation 5,26/12/2022,50
Ratchet & Clank: Rift Apart,PlayStation 5,25/12/2021,42
Resident Evil Village,PlayStation 5,20/10/2021,108
Returnal,PlayStation 5,18/11/2022,100
Rogue Company,PlayStation 5,19/05/2021,262
Sackboy: A Big Adventure,PlayStation 5,18/11/2022,100
Saints Row The Third: Remastered,PlayStation 5,22/07/2020,563
Shantae and The Pirate's Curse,PlayStation 5,30/10/2022,6
Shing!,PlayStation 5,21/07/2021,199
Sir Lovelot,PlayStation 5,04/06/2021,246
Sonic Origins,PlayStation 5,13/09/2022,13
Spacebase Startopia,PlayStation 5,21/07/2021,199
Spirit of the North: Enhanced Edition,PlayStation 5,27/05/2021,254
Star Wars Jedi: Fallen Order,PlayStation 5,02/02/2022,3
Stray,PlayStation 5,24/11/2022,100
Subnautica,PlayStation 5,06/04/2021,305
Subnautica: Below Zero,PlayStation 5,30/09/2021,128
Sumatra: Fate of Yandi,PlayStation 5,19/05/2021,262
Terminator: Resistance Enhanced,PlayStation 5,16/09/2021,142
The Darkside Detective,PlayStation 5,21/07/2021,199
The Darkside Detective: A Fumble in the Dark,PlayStation 5,20/10/2022,4
The Pedestrian,PlayStation 5,02/06/2021,248
The Persistence,PlayStation 5,29/01/2022,95
The Sinking City,PlayStation 5,21/07/2021,199
The Stanley Parable: Ultra Deluxe,PlayStation 5,03/08/2022,1
The Witcher 3: Wild Hunt,PlayStation 5,14/12/2022,50
Tiny Tina's Wonderlands: Chaotic Great Edition,PlayStation 5,03/02/2023,7
TOEM,PlayStation 5,07/09/2022,21
Tony Hawk's Pro Skater 1 + 2 Remake,PlayStation 5,22/11/2020,440
Twin Robots: Ultimate Edition,PlayStation 5,19/05/2021,262
Warframe: The New War,PlayStation 5,18/05/2021,263
Watch Dogs: Legion,PlayStation 5,02/06/2021,248
Worms Rumble,PlayStation 5,19/05/2021,262
Wreckfest,PlayStation 5,18/05/2021,263
Yakuza 7: Like a Dragon,PlayStation 5,09/06/2021,241
Ape Escape,PlayStation Portable,12/02/2017,"1,819"
Burnout Legends,PlayStation Portable,30/09/2018,"1,224"
Crazy Taxi: Fare Wars,PlayStation Portable,30/09/2018,"1,224"
Daxter,PlayStation Portable,06/10/2017,"1,583"
Dead or Alive Paradise,PlayStation Portable,13/11/2015,"2,276"
Everybody's Golf 2,PlayStation Portable,06/10/2017,"1,583"
Final Fantasy,PlayStation Portable,18/02/2017,"1,813"
Final Fantasy II,PlayStation Portable,18/02/2017,"1,813"
Final Fantasy III,PlayStation Portable,18/02/2017,"1,813"
Final Fantasy IV,PlayStation Portable,18/02/2017,"1,813"
Grand Theft Auto: Chinatown Wars,PlayStation Portable,26/11/2016,"1,897"
Grand Theft Auto: Liberty City Stories,PlayStation Portable,26/11/2016,"1,897"
Grand Theft Auto: Vice City Stories,PlayStation Portable,26/11/2016,"1,897"
Gravity Crash,PlayStation Portable,20/08/2015,"2,361"
Jak and Daxter: The Lost Frontier,PlayStation Portable,06/10/2017,"1,583"
LEGO Batman,PlayStation Portable,20/08/2015,"2,361"
LEGO Indiana Jones,PlayStation Portable,20/08/2015,"2,361"
LEGO Pirates of the Caribbean,PlayStation Portable,20/08/2015,"2,361"
LEGO Star Wars III: The Clone Wars,PlayStation Portable,20/08/2015,"2,361"
Prinny,PlayStation Portable,30/09/2018,"1,224"
Ratchet & Clank: Size Matters,PlayStation Portable,02/10/2015,"2,318"
Resistance: Retribution,PlayStation Portable,06/10/2017,"1,583"
Super Monkey Ball Adventure,PlayStation Portable,30/09/2018,"1,224"
Tomb Raider: Anniversary,PlayStation Portable,12/03/2017,"1,791"
Tomb Raider: Legend,PlayStation Portable,12/03/2017,"1,791"
Wipeout Pulse,PlayStation Portable,06/10/2017,"1,583"
Crazy Market,PlayStation Vita,02/07/2015,"2,410"
Deathmatch Village,PlayStation Vita,02/07/2015,"2,410"
Fat Princess: Piece of Cake,PlayStation Vita,01/02/2015,"2,561"
Flame Over,PlayStation Vita,30/09/2018,"1,224"
Football Manager Classic 2014,PlayStation Vita,01/06/2014,"2,806"
Get Off My Lawn!,PlayStation Vita,10/02/2015,"2,552"
Gunslugs,PlayStation Vita,07/04/2017,"1,765"
Jet Set Radio,PlayStation Vita,30/09/2018,"1,224"
LEGO Batman 2: DC Super Heroes,PlayStation Vita,20/08/2015,"2,361"
ModNation Racers: Road Trip,PlayStation Vita,18/11/2015,"2,271"
No Heroes Allowed: No Puzzles Either!,PlayStation Vita,02/07/2015,"2,410"
Paint Park,PlayStation Vita,02/07/2015,"2,410"
Paint Park Plus,PlayStation Vita,02/07/2015,"2,410"
PlayStation Vita Pets,PlayStation Vita,02/08/2015,"2,379"
Quell Memento,PlayStation Vita,15/04/2017,"1,757"
Rocketbirds: Hardboiled Chicken,PlayStation Vita,28/11/2015,"2,261"
Silent Hill: Book of Memories,PlayStation Vita,22/10/2016,"1,932"
Skeleton Rider,PlayStation Vita,07/04/2017,"1,765"
Sly Cooper: Thieves in Time,PlayStation Vita,06/10/2017,"1,583"
Spy Hunter,PlayStation Vita,30/09/2018,"1,224"
Street Fighter X Tekken,PlayStation Vita,31/01/2017,"1,831"
SunFlowers,PlayStation Vita,30/09/2018,"1,224"
Surge Deluxe,PlayStation Vita,30/09/2018,"1,224"
Table Football,PlayStation Vita,02/07/2015,"2,410"
Table Top Racing,PlayStation Vita,11/10/2019,848
TxK,PlayStation Vita,25/12/2015,"2,234"
Uncharted: Fight for Fortune,PlayStation Vita,30/08/2015,"2,351"
Uncharted: Golden Abyss,PlayStation Vita,02/08/2015,"2,379"
Wanderjahr,PlayStation Vita,30/09/2018,"1,224"
Worms Revolution Extreme,PlayStation Vita,16/07/2015,"2,396"
Yomawari: Night Alone,PlayStation Vita,15/04/2017,"1,757"
Zero Escape: Virtue's Last Reward,PlayStation Vita,02/07/2015,"2,410"
Accounting+,PlayStation VR,25/08/2021,164
Animal Force,PlayStation VR,22/03/2020,685
Apex Construct,PlayStation VR,07/01/2019,"1,125"
Apocalypse Rider,PlayStation VR,13/03/2020,694
Arizona Sunshine,PlayStation VR,16/11/2021,81
ASTRO BOT Rescue Mission,PlayStation VR,12/01/2019,"1,120"
Batman: Arkham VR,PlayStation VR,07/01/2019,"1,125"
Beat Saber,PlayStation VR,10/01/2019,"1,122"
BoxVR,PlayStation VR,25/12/2019,773
Carnival Games VR,PlayStation VR,03/01/2019,"1,129"
Catch & Release,PlayStation VR,10/01/2019,"1,122"
CoolpaintrVR,PlayStation VR,07/01/2019,"1,125"
Creed: Rise To Glory,PlayStation VR,24/03/2019,"1,049"
Discovery,PlayStation VR,07/01/2019,"1,125"
DOOM VFR,PlayStation VR,03/01/2019,"1,129"
Dream Match Tennis VR,PlayStation VR,10/01/2019,"1,122"
DriveClub VR,PlayStation VR,10/01/2019,"1,122"
Drunkn Bar Fight,PlayStation VR,09/04/2019,"1,033"
Eagle Flight,PlayStation VR,01/01/2019,"1,131"
EVE: Valkyrie,PlayStation VR,07/01/2019,"1,125"
Everest VR,PlayStation VR,01/01/2019,"1,131"
Everybody’s Golf VR,PlayStation VR,22/03/2020,685
Floor Plan,PlayStation VR,07/09/2021,151
Fruit Ninja VR,PlayStation VR,10/01/2019,"1,122"
Groundhog Day: Like Father Like Son,PlayStation VR,05/12/2019,793
Gun Club VR,PlayStation VR,09/09/2019,880
Headmaster,PlayStation VR,01/01/2019,"1,131"
Homestar VR,PlayStation VR,03/01/2019,"1,129"
Hotel R'n'R,PlayStation VR,25/02/2021,345
Hustle Kings VR,PlayStation VR,03/01/2019,"1,129"
I Expect You To Die,PlayStation VR,03/01/2019,"1,129"
I Expect You to Die 2,PlayStation VR,25/12/2021,42
Job Simulator VR,PlayStation VR,10/01/2019,"1,122"
Kingdom Hearts: VR Experience,PlayStation VR,02/11/2021,95
Knockout League,PlayStation VR,03/01/2019,"1,129"
Kona VR,PlayStation VR,05/12/2019,793
Lethal VR,PlayStation VR,05/12/2019,793
Marvel's Iron Man VR,PlayStation VR,17/09/2020,506
Mervils: A VR Adventure,PlayStation VR,01/01/2019,"1,131"
Moss,PlayStation VR,03/01/2019,"1,129"
"Penn & Teller VR: F U, U, U & U",PlayStation VR,22/08/2019,898
Perfect VR,PlayStation VR,28/08/2020,526
PlayStation VR Worlds,PlayStation VR,29/12/2018,"1,134"
Psychonauts In The Rhombus Of Ruin VR,PlayStation VR,07/01/2019,"1,125"
Rez Infinite VR,PlayStation VR,19/03/2019,"1,054"
Rick & Morty: Virtual Rick-ality,PlayStation VR,10/01/2019,"1,122"
RIGS: Mechanized Combat League VR,PlayStation VR,01/01/2019,"1,131"
Sam & Max: This Time It's Virtual,PlayStation VR,27/05/2022,166
Shooty Fruity,PlayStation VR,03/01/2019,"1,129"
Skyrim VR,PlayStation VR,04/01/2019,"1,128"
Sniper Elite VR,PlayStation VR,27/05/2022,166
Space Pirate Trainer VR,PlayStation VR,03/01/2019,"1,129"
Sprint Vector,PlayStation VR,03/01/2019,"1,129"
Star Trek: Bridge Crew VR,PlayStation VR,07/01/2019,"1,125"
Superhot VR,PlayStation VR,07/01/2019,"1,125"
Tetris Effect: Connected,PlayStation VR,10/01/2019,"1,122"
The American Dream,PlayStation VR,09/04/2019,"1,033"
The Guy VR,PlayStation VR,25/12/2021,42
The Playroom VR,PlayStation VR,04/01/2019,"1,128"
The Walking Dead: Saints and Sinners,PlayStation VR,02/11/2021,95
Tiny Trax,PlayStation VR,10/01/2019,"1,122"
Track Lab,PlayStation VR,05/12/2019,793
Trackmania Turbo,PlayStation VR,09/06/2019,972
Traffic Jams,PlayStation VR,17/11/2021,80
Tumble VR,PlayStation VR,01/01/2019,"1,131"
Ultrawings,PlayStation VR,22/03/2020,685
Until Dawn: Rush Of Blood VR,PlayStation VR,03/01/2019,"1,129"
Until You Fall,PlayStation VR,02/11/2021,95
VR Karts,PlayStation VR,30/05/2019,982
VR Ping Pong,PlayStation VR,01/01/2019,"1,131"
VR The Diner Duo,PlayStation VR,01/01/2019,"1,131"
Wanderer,PlayStation VR,27/04/2022,166
You Are Being Followed,PlayStation VR,06/07/2021,214