Wishlist,CEX,Smyths,Argos,Savings
Legend of Zelda: Tears of the Kingdom,,€59.99,€59.99,€0.00
Pokémon Mystery Dungeon: Rescue Team DX,,,€47.99,
Super Mario 3D World + Bowser's Fury,,€49.99,€47.99,€2.00
,,,,
Micro Consoles,,,,
NES Classic Mini,30,,,
Balloon Fight,1,,,
Bubble Bobble,1,,,
Castlevania,1,,,
Castlevania II: Simon's Quest,1,,,
Donkey Kong,1,,,
Donkey Kong Jr.,1,,,
Double Dragon II: The Revenge,1,,,
Dr. Mario,1,,,
Excitebike,1,,,
Final Fantasy,1,,,
Galaga,1,,,
Ghosts 'n Goblins,1,,,
Gradius,1,,,
Ice Climber,1,,,
Kid Icarus,1,,,
Kirby's Adventure,1,,,
The Legend of Zelda,1,,,
Mario Bros.,1,,,
Mega Man 2,1,,,
Metroid ,1,,,
Ninja Gaiden,1,,,
Pac-Man,1,,,
Punch-Out!! Featuring Mr. Dream,1,,,
StarTropics,1,,,
Super Contra,1,,,
Super Mario Bros,1,,,
Super Mario Bros 2,1,,,
Super Mario Bros 3,1,,,
Tecmo Bowl,1,,,
Zelda II: The Adventure of Link,1,,,
,,,,
SNES Classic Mini,21,,,
Contra III: The Alien Wars,1,,,
Donkey Kong Country,1,,,
EarthBound,1,,,
F-Zero,1,,,
Final Fantasy VI,1,,,
Kirby Super Star,1,,,
Kirby's Dream Course,1,,,
The Legend of Zelda: A Link to the Past,1,,,
Mega Man X,1,,,
Secret of Mana,1,,,
Star Fox,1,,,
Star Fox 2,1,,,
Street Fighter II Turbo: Hyper Fighting,1,,,
Super Castlevania IV,1,,,
Super Ghouls 'n Ghosts,1,,,
Super Mario Kart,1,,,
Super Mario RPG: Legend of the Seven Stars,1,,,
Super Mario World,1,,,
Super Metroid,1,,,
Super Punch-Out!!,1,,,
Yoshi's Island,1,,,
,,,,
Game Boy Color,14,,,
Game & Watch Gallery,1,,,
Harry Potter and the Philosopher's Stone,1,,,
Legend of Zelda: Link's Awakening,1,,,
Legend of Zelda: Oracle of Seasons,1,,,
Pokémon Red,1,,,
Pokémon Blue,1,,,
Pokémon Yellow,1,,,
Pokemon Trading Card Game,1,,,
Pokemon Gold,1,,,
Pokémon Silver,1,,,
Pokémon Crystal,1,,,
Super Mario Land,1,,,
Super Mario Land 2,1,,,
Tetris,1,,,
,,,,
Game Boy Advance,11,,,
Astro Boy: Omega Factor,1,,,
Metroid Fusion,1,,,
Pokémon Fire Red,1,,,
Pokémon Leaf Green,1,,,
Pokémon Ruby,1,,,
Pokémon Sapphire,1,,,
Pokémon Emerald,1,,,
The Hobbit,1,,,
The Sims 2,1,,,
Wario Land 4,1,,,
Yu-Gi-Oh! The Sacred Cards,1,,,
,,,,
Gamecube,5,,,
Beyond Good & Evil,1,,,
Eternal Darkness: Sanity's Requiem,1,,,
Paper Mario: The Thousand-Year Door,1,,,
Pokémon XD: Gale of Darkness,1,,,
Tony Hawk's Pro Skater 4,1,,,
,,,,
DS,11,,,
Nintendogs: Chihuahua & Friends,1,,,
Pokémon Mystery Dungeon: Blue Rescue Team,1,,,
Pokémon HeartGold,1,,,
Pokémon SoulSilver,1,,,
Pokémon Diamond,1,,,
Pokémon Pearl,1,,,
Pokémon Platinum,1,,,
Pokémon Black,1,,,
Super Mario 64 DS,1,,,
Plants vs. Zombies,1,,,
The Legend of Zelda: Phantom Hourglass,1,,,
,,,,
Wii,1,,,
Wii Sports,1,,,
,,,,
3DS,#REF!,,,
Pokémon,9,,,
Pokémon Omega Ruby Gen 3,1,,,
Pokemon Alpha Sapphire Gen 3,1,,,
Pokemon X Gen 6,1,,,
Pokemon Art Academy,1,,,
Pokémon Moon Gen 7,1,,,
Pokemon Ultra Moon Gen 7,1,,,
Detective Pikachu,1,,,
Pokémon Mystery Dungeon: Gates to Infinity,1,,,
Pokemon Super Mystery Dungeon,1,,,
Mario,#REF!,,,
Super Mario 3D Land,1,,,
Mario Kart 7,1,,,
New Super Mario Bros 2,1,,,
Mario & Luigi: Dream Team Bros,1,,,
Yoshi's New Island,1,,,
Super Mario Maker,1,,,
Mario Sports Superstars,1,,,
Poochy & Yoshi's Woolly World,1,,,
Mario and Donkey Kong: Minis on the Move,1,,,
Dr Mario: Miracle Cure,1,,,
Mario Tennis Open,1,,,
Zelda,1,,,
Legend of Zelda: A Link Between Worlds,1,,,
Miscellaneous,22,,,
Animal Crossing: Happy Home Designer,1,,,
Animal Crossing: New Leaf,1,,,
Castlevania Dracula X,1,,,
Cooking Mama: Bon Appetit,1,,,
Cooking Mama: Sweet Shop,1,,,
Devilish Brain Training,1,,,
Donkey Kong Country Returns 3D,1,,,
Game & Watch Gallery 2,1,,,
Kirby's Dream Land,1,,,
Kirby: Triple Deluxe,1,,,
Luigi's Mansion 2,1,,,
Nintendogs & Cats: Golden Retriever,1,,,
Phoenix Wright: Ace Attorney Trilogy,1,,,
Pilotwings,1,,,
Professor Layton vs Phoenix Wright,1,,,
Professor Layton & The Miracle Mask,1,,,
Rhythm Paradise MegaMix,1,,,
Star Fox 64 3D,1,,,
Tomodachi Life,1,,,
Ultimate NES Remix,1,,,
Wario Land 3,1,,,
WarioWare Gold,1,,,
,,,,
Switch,42,,,
Pokémon,11,,,
New Pokémon Snap,1,,,
Pokémon Brilliant Diamond,1,,,
Pokémon Legends: Arceus,1,,,
Pokémon Let's Go Pikachu,1,,,
Pokémon Quest,1,,,
Pokémon Scarlet,1,,,
Pokémon Shield,1,,,
Pokémon Shining Pearl,1,,,
Pokémon Sword,1,,,
Pokémon Violet,1,,,
Pokken Tournament DX,1,€30 Voucher,€28 WarioWare,
Mario,7,,,
Mario Kart 8 Deluxe,1,,,
Mario Party Superstars,1,,,
Mario + Rabbids: Kingdom Battle,1,,,
New Super Mario Bros U Deluxe,1,,,
Super Mario 3D All-Stars,1,,,
Super Mario Maker 2,1,,,
Super Mario Odyssey,1,,,
Zelda,1,,,
Legend of Zelda: Breath Of The Wild,1,,,
Miscellaneous,20,,,
Angry Video Game Nerd 1 & 2 Deluxe,1,,,
A Hat in Time,1,,,
Animal Crossing: New Horizons,1,,,
Captain Toad: Treasure Tracker,1,,,
Castaway Paradise,1,,,
.Cat,1,,,
Crash Bandicoot N Sane Trilogy,1,,,
Cuphead,1,,,
Game Dev Tycoon,1,,,
LEGO Harry Potter Collection,1,Years 1-4 @ DS,,
Let's Build a Zoo,1,,,
Luigi's Mansion 3,1,,,
Rayman Legends,1,,,
Ring Fit Adventure,1,,,
Sakuna: Of Rice and Ruin,1,,,
Spyro Reignited Trilogy,1,,,
Super Smash Bros. Ultimate,1,,,
Switch Sports,1,,,
Untitled Goose Game,1,,,
Yu-Gi-Oh! Legacy of the Duelist: Link Evolution,1,,,