185,Ratchet: Gladiator,2015-01-07,14.99,14.99,0.00
210,Tales of Graces f,2015-01-17,15.00,15.00,0.00
211,Tales of Xillia,2015-01-17,14.99,14.99,0.00
240,Fat Princess: Piece of Cake,2015-02-01,0.00,0.00,0.00
243,Get Off My Lawn!,2015-02-10,0.00,0.00,0.00
619,Tales From The Borderlands,2015-04-01,29.98,29.98,0.00
514,Oddworld: New n Tasty,2015-04-29,23.58,20.98,2.60
146,Killer is Dead,2015-06-05,19.99,18.00,1.99
238,Crazy Market,2015-07-02,0.00,0.00,0.00
239,Deathmatch Village,2015-07-02,0.00,0.00,0.00
248,No Heroes Allowed: No Puzzles Either!,2015-07-02,5.99,5.99,0.00
249,Paint Park Plus,2015-07-02,0.00,0.00,0.00
260,Table Football,2015-07-02,0.00,0.00,0.00
268,Zero Escape: Virtue`s Last Reward,2015-07-02,19.99,19.99,0.00
266,Worms Revolution Extreme,2015-07-16,14.99,0.00,14.99
263,Uncharted: Golden Abyss,2015-08-02,24.99,6.99,18.00
250,PlayStation VITA Pets,2015-08-02,24.99,9.99,15.00
13,Driver,2015-08-02,2.49,2.49,0.00
233,Velocity Ultra,2015-08-08,7.99,7.99,0.00
434,Hotline Miami,2015-08-18,9.99,9.99,0.00
246,LEGO Batman 2: DC Super Heroes,2015-08-20,19.99,0.00,19.99
85,Gravity Crash,2015-08-20,3.99,3.99,0.00
87,LEGO Indiana Jones,2015-08-20,9.99,0.00,9.99
88,LEGO Batman,2015-08-20,9.99,0.00,9.99
89,LEGO Star Wars III: The Clone Wars,2015-08-20,4.99,0.00,4.99
90,LEGO Pirates of the Caribbean,2015-08-20,4.99,0.00,4.99
264,Uncharted: Fight for Fortune,2015-08-30,4.99,4.99,0.00
513,Octodad: Dadliest Catch,2015-09-06,13.99,7.00,6.99
548,Rayman Legends,2015-09-06,39.98,26.99,12.99
709,Yu-Gi-Oh! Legacy of the Duelist,2015-09-10,35.94,35.94,0.00
158,Metal Gear Solid 2: Sons of Liberty,2015-09-12,23.99,23.99,0.00
159,Metal Gear Solid 3: Snake Eater,2015-09-12,22.99,22.99,0.00
92,Ratchet & Clank: Size Matters,2015-10-02,7.99,4.00,3.99
93,Resistance: Retribution,2015-10-02,7.99,2.99,5.00
21,Gex,2015-10-02,4.99,2.50,2.49
22,Gex 3D: Enter the Gecko,2015-10-02,5.99,3.00,2.99
23,Gex: Deep Cover Gecko,2015-10-02,5.99,3.00,2.99
27,Klonoa: Door to Phantomile (1997),2015-10-02,4.99,2.50,2.49
318,Castlevania Requiem: Symphony of the Night and Rondo of Blood,2015-10-02,29.98,8.99,20.99
192,Rayman Origins,2015-10-22,29.98,26.99,2.99
76,Dead or Alive Paradise,2015-11-13,14.99,14.99,0.00
247,ModNation Racers: Road Trip,2015-11-18,14.99,14.99,0.00
688,Velocity 2X,2015-11-18,15.99,6.40,9.59
626,Terraria,2015-11-22,33.98,15.49,18.49
252,Rocketbirds: Hardboiled Chicken,2015-11-28,7.99,7.99,0.00
671,Twisted Metal: Black,2015-12-05,9.99,4.99,5.00
647,The Walking Dead Season 1 TTG,2015-12-25,14.99,5.99,9.00
616,Switch Galaxy Ultra,2015-12-25,10.99,3.99,7.00
373,Duke Nukem 3D,2015-12-25,22.98,8.98,14.00
262,TxK,2015-12-25,6.99,6.99,0.00
